<?xml version="1.0" standalone="yes"?>
<NewDataSet>
  <Table1>
    <X>10</X>
    <Y>15.5</Y>
    <Type>page</Type>
    <Alignment>1</Alignment>
  </Table1>
  <Table1>
    <Label>#KODE#</Label>
    <X>130</X>
    <Y>113</Y>
    <Width>110</Width>
    <Height>44</Height>
    <Type />
    <FontSize>12</FontSize>
    <FontFamily>[FontFamily: Name=Microsoft Sans Serif]</FontFamily>
    <FontTipe>0</FontTipe>
    <Alignment>Center</Alignment>
  </Table1>
  <Table1>
    <Label>#DESC#</Label>
    <X>130</X>
    <Y>62</Y>
    <Width>110</Width>
    <Height>44</Height>
    <Type />
    <FontSize>12</FontSize>
    <FontFamily>[FontFamily: Name=Microsoft Sans Serif]</FontFamily>
    <FontTipe>0</FontTipe>
    <Alignment>Center</Alignment>
  </Table1>
</NewDataSet>