<?xml version="1.0" standalone="yes"?>
<NewDataSet>
  <xs:schema id="NewDataSet" xmlns="" xmlns:xs="http://www.w3.org/2001/XMLSchema" xmlns:msdata="urn:schemas-microsoft-com:xml-msdata">
    <xs:element name="NewDataSet" msdata:IsDataSet="true" msdata:UseCurrentLocale="true">
      <xs:complexType>
        <xs:choice minOccurs="0" maxOccurs="unbounded">
          <xs:element name="Table">
            <xs:complexType>
              <xs:sequence>
                <xs:element name="Value" type="xs:string" minOccurs="0" />
                <xs:element name="TopPos" type="xs:long" minOccurs="0" />
                <xs:element name="LeftPos" type="xs:long" minOccurs="0" />
                <xs:element name="Font" type="xs:string" minOccurs="0" />
                <xs:element name="FontSize" type="xs:long" minOccurs="0" />
                <xs:element name="AddedHeight" type="xs:long" minOccurs="0" />
                <xs:element name="Vertical" type="xs:long" minOccurs="0" />
                <xs:element name="Width" type="xs:long" minOccurs="0" />
                <xs:element name="Height" type="xs:long" minOccurs="0" />
                <xs:element name="ImgAddress" type="xs:string" minOccurs="0" />
              </xs:sequence>
            </xs:complexType>
          </xs:element>
        </xs:choice>
      </xs:complexType>
    </xs:element>
  </xs:schema>
  <Table>
    <Value>#prodcode#</Value>
  </Table>
  <Table>
    <Value>#Page#</Value>
    <Width>350</Width>
    <Height>650</Height>
  </Table>
  <Table>
    <Value>#prodtype#</Value>
    <TopPos>40</TopPos>
    <LeftPos>25</LeftPos>
    <Font>Swis721 Cn BT</Font>
    <FontSize>30</FontSize>
    <Vertical>0</Vertical>
  </Table>
  <Table>
    <Value>#product#</Value>
    <TopPos>83</TopPos>
    <LeftPos>25</LeftPos>
    <Font>Swis721 Cn BT</Font>
    <FontSize>30</FontSize>
    <Width>10</Width>
  </Table>
  <Table>
    <Value>#prodvar#</Value>
    <TopPos>83</TopPos>
    <LeftPos>150</LeftPos>
    <Font>Swis721 Cn BT</Font>
    <FontSize>30</FontSize>
    <Vertical>0</Vertical>
  </Table>
  <Table>
    <Value>#proddate#</Value>
    <TopPos>500</TopPos>
    <LeftPos>25</LeftPos>
    <Font>Swis721 Cn BT</Font>
    <FontSize>10</FontSize>
  </Table>
  <Table>
    <Value>#prodtime#</Value>
    <TopPos>500</TopPos>
    <LeftPos>80</LeftPos>
    <Font>Swis721 Cn BT</Font>
    <FontSize>10</FontSize>
    <Vertical>0</Vertical>
  </Table>
  <Table>
    <Value>#ean128#</Value>
    <TopPos>70</TopPos>
    <LeftPos>220</LeftPos>
    <Font>EAN128</Font>
    <FontSize>50</FontSize>
    <AddedHeight>10</AddedHeight>
    <Vertical>1</Vertical>
  </Table>
  <Table>
    <Value>#ean128#</Value>
    <TopPos>150</TopPos>
    <LeftPos>125</LeftPos>
    <Font>datamatrix</Font>
    <FontSize>60</FontSize>
    <Width>50</Width>
  </Table>
  <Table>
    <Value>#ean128code#</Value>
    <TopPos>170</TopPos>
    <LeftPos>210</LeftPos>
    <Font>Swis721 Cn BT</Font>
    <FontSize>10</FontSize>
    <Vertical>1</Vertical>
    <Width>0</Width>
  </Table>
  <Table>
    <Value>#ean13#</Value>
    <TopPos>570</TopPos>
    <LeftPos>15</LeftPos>
    <Font>EAN13</Font>
    <FontSize>42</FontSize>
    <AddedHeight>50</AddedHeight>
  </Table>
  <Table>
    <Value>#machine#</Value>
    <TopPos>500</TopPos>
    <LeftPos>155</LeftPos>
    <Font>Swis721 Cn BT</Font>
    <FontSize>10</FontSize>
  </Table>
  <Table>
    <Value>#factory#</Value>
    <TopPos>500</TopPos>
    <LeftPos>135</LeftPos>
    <Font>Swis721 Cn BT</Font>
    <FontSize>10</FontSize>
  </Table>
  <Table>
    <Value>#odm#</Value>
    <TopPos>150</TopPos>
    <LeftPos>25</LeftPos>
    <Font>Swis721 Cn BT</Font>
    <FontSize>30</FontSize>
  </Table>
  <Table>
    <Value>#orcinventory#</Value>
    <TopPos>210</TopPos>
    <LeftPos>25</LeftPos>
    <Font>Swis721 Cn BT</Font>
    <FontSize>18</FontSize>
  </Table>
  <Table>
    <Value>#factorytime#</Value>
    <TopPos>240</TopPos>
    <LeftPos>25</LeftPos>
    <Font>Swis721 Cn BT</Font>
    <FontSize>18</FontSize>
  </Table>
  <Table>
    <Value>#week#</Value>
    <TopPos>275</TopPos>
    <LeftPos>25</LeftPos>
    <Font>Swis721 Cn BT</Font>
    <FontSize>40</FontSize>
  </Table>
  <Table>
    <Value>#prodcode#</Value>
    <TopPos>335</TopPos>
    <LeftPos>25</LeftPos>
    <Font>Swis721 Cn BT</Font>
    <FontSize>18</FontSize>
  </Table>
  <Table />
  <Table>
    <Value>PROD. DATE</Value>
    <TopPos>475</TopPos>
    <LeftPos>25</LeftPos>
    <Font>Swis721 Cn BT</Font>
    <FontSize>13</FontSize>
  </Table>
</NewDataSet>