<?xml version="1.0" standalone="yes"?>
<NewDataSet>
  <xs:schema id="NewDataSet" xmlns="" xmlns:xs="http://www.w3.org/2001/XMLSchema" xmlns:msdata="urn:schemas-microsoft-com:xml-msdata">
    <xs:element name="NewDataSet" msdata:IsDataSet="true" msdata:UseCurrentLocale="true">
      <xs:complexType>
        <xs:choice minOccurs="0" maxOccurs="unbounded">
          <xs:element name="Table">
            <xs:complexType>
              <xs:sequence>
                <xs:element name="Value" type="xs:string" minOccurs="0" />
                <xs:element name="TopPos" type="xs:int" minOccurs="0" />
                <xs:element name="LeftPos" type="xs:int" minOccurs="0" />
                <xs:element name="Font" type="xs:string" minOccurs="0" />
                <xs:element name="FontSize" type="xs:int" minOccurs="0" />
                <xs:element name="AddedHeight" type="xs:int" minOccurs="0" />
                <xs:element name="Vertical" type="xs:int" minOccurs="0" />
                <xs:element name="Width" type="xs:int" minOccurs="0" />
                <xs:element name="Height" type="xs:int" minOccurs="0" />
                <xs:element name="ImgAddress" type="xs:string" minOccurs="0" />
              </xs:sequence>
            </xs:complexType>
          </xs:element>
        </xs:choice>
      </xs:complexType>
    </xs:element>
  </xs:schema>
  <Table>
    <Value>#Page#</Value>
    <Width>300</Width>
    <Height>660</Height>
  </Table>
  <Table>
    <Value>#varBarcode#</Value>
    <TopPos>60</TopPos>
    <LeftPos>155</LeftPos>
    <Font>ean128</Font>
    <FontSize>35</FontSize>
    <Vertical>1</Vertical>
  </Table>
  <Table>
    <Value>#Line#</Value>
    <TopPos>15</TopPos>
    <LeftPos>215</LeftPos>
    <FontSize>615</FontSize>
    <Vertical>1</Vertical>
  </Table>
  <Table>
    <Value>#Line#</Value>
    <TopPos>15</TopPos>
    <LeftPos>135</LeftPos>
    <FontSize>615</FontSize>
    <Vertical>1</Vertical>
  </Table>
  <Table>
    <Value>#Line#</Value>
    <TopPos>190</TopPos>
    <LeftPos>80</LeftPos>
    <FontSize>55</FontSize>
    <Vertical>0</Vertical>
  </Table>
  <Table>
    <Value>#Line#</Value>
    <TopPos>290</TopPos>
    <LeftPos>80</LeftPos>
    <FontSize>55</FontSize>
    <Vertical>0</Vertical>
  </Table>
  <Table>
    <Value>#Line#</Value>
    <TopPos>460</TopPos>
    <LeftPos>80</LeftPos>
    <FontSize>55</FontSize>
    <Vertical>0</Vertical>
  </Table>
  <Table>
    <Value>#Line#</Value>
    <TopPos>15</TopPos>
    <LeftPos>80</LeftPos>
    <FontSize>615</FontSize>
    <Vertical>1</Vertical>
  </Table>
  <Table>
    <Value>#Line#</Value>
    <TopPos>260</TopPos>
    <LeftPos>0</LeftPos>
    <FontSize>80</FontSize>
    <Vertical>0</Vertical>
  </Table>
  <Table>
    <Value>#Line#</Value>
    <TopPos>360</TopPos>
    <LeftPos>0</LeftPos>
    <FontSize>80</FontSize>
    <Vertical>0</Vertical>
  </Table>
  <Table>
    <Value>#Line#</Value>
    <TopPos>460</TopPos>
    <LeftPos>0</LeftPos>
    <FontSize>80</FontSize>
    <Vertical>0</Vertical>
  </Table>
  <Table>
    <Value>#Line#</Value>
    <TopPos>460</TopPos>
    <LeftPos>0</LeftPos>
    <FontSize>80</FontSize>
    <Vertical>0</Vertical>
  </Table>
  <Table>
    <Value>#varBarcode#</Value>
    <TopPos>120</TopPos>
    <LeftPos>135</LeftPos>
    <Font>Swiss721 Cn BT</Font>
    <FontSize>11</FontSize>
    <Vertical>1</Vertical>
  </Table>
  <Table>
    <Value>#varRippercode#</Value>
    <TopPos>140</TopPos>
    <LeftPos>195</LeftPos>
    <Font>Swiss721 Cn BT</Font>
    <FontSize>55</FontSize>
    <Vertical>1</Vertical>
  </Table>
  <Table>
    <Value>Production</Value>
    <TopPos>60</TopPos>
    <LeftPos>115</LeftPos>
    <Font>Swiss721 Cn BT</Font>
    <FontSize>10</FontSize>
    <Vertical>1</Vertical>
  </Table>
  <Table>
    <Value>#varProdNo#</Value>
    <TopPos>60</TopPos>
    <LeftPos>80</LeftPos>
    <Font>Swiss721 Cn BT</Font>
    <FontSize>20</FontSize>
    <Vertical>1</Vertical>
  </Table>
  <Table>
    <Value>BoxNo</Value>
    <TopPos>195</TopPos>
    <LeftPos>115</LeftPos>
    <Font>Swiss721 Cn BT</Font>
    <FontSize>10</FontSize>
    <Vertical>1</Vertical>
  </Table>
  <Table>
    <Value>#varBoxNo#</Value>
    <TopPos>195</TopPos>
    <LeftPos>80</LeftPos>
    <Font>Swiss721 Cn BT</Font>
    <FontSize>20</FontSize>
    <Vertical>1</Vertical>
  </Table>
  <Table>
    <Value>Date/Time (dd/mm/yy)</Value>
    <TopPos>300</TopPos>
    <LeftPos>115</LeftPos>
    <Font>Swiss721 Cn BT</Font>
    <FontSize>10</FontSize>
    <Vertical>1</Vertical>
  </Table>
  <Table>
    <Value>#varProdDate#</Value>
    <TopPos>300</TopPos>
    <LeftPos>80</LeftPos>
    <Font>Swiss721 Cn BT</Font>
    <FontSize>20</FontSize>
    <Vertical>1</Vertical>
  </Table>
  <Table>
    <Value>WLS No</Value>
    <TopPos>470</TopPos>
    <LeftPos>115</LeftPos>
    <Font>Swiss721 Cn BT</Font>
    <FontSize>10</FontSize>
    <Vertical>1</Vertical>
  </Table>
  <Table>
    <Value>#varWLSNo#</Value>
    <TopPos>470</TopPos>
    <LeftPos>80</LeftPos>
    <Font>Swiss721 Cn BT</Font>
    <FontSize>20</FontSize>
    <Vertical>1</Vertical>
  </Table>
  <Table>
    <Value>Local Definition</Value>
    <TopPos>60</TopPos>
    <LeftPos>60</LeftPos>
    <Font>Swiss721 Cn BT</Font>
    <FontSize>10</FontSize>
    <Vertical>1</Vertical>
  </Table>
  <Table>
    <Value>#varLocalDef#</Value>
    <TopPos>60</TopPos>
    <LeftPos>20</LeftPos>
    <Font>Swiss721 Cn BT</Font>
    <FontSize>20</FontSize>
    <Vertical>1</Vertical>
  </Table>
  <Table>
    <Value>Fill Station</Value>
    <TopPos>270</TopPos>
    <LeftPos>60</LeftPos>
    <Font>Swiss721 Cn BT</Font>
    <FontSize>10</FontSize>
    <Vertical>1</Vertical>
  </Table>
  <Table>
    <Value>#varFillStation#</Value>
    <TopPos>270</TopPos>
    <LeftPos>20</LeftPos>
    <Font>Swiss721 Cn BT</Font>
    <FontSize>20</FontSize>
    <Vertical>1</Vertical>
  </Table>
  <Table>
    <Value>Net Weight</Value>
    <TopPos>370</TopPos>
    <LeftPos>60</LeftPos>
    <Font>Swiss721 Cn BT</Font>
    <FontSize>10</FontSize>
    <Vertical>1</Vertical>
  </Table>
  <Table>
    <Value>#varNetWeight#</Value>
    <TopPos>370</TopPos>
    <LeftPos>20</LeftPos>
    <Font>Swiss721 Cn BT</Font>
    <FontSize>20</FontSize>
    <Vertical>1</Vertical>
  </Table>
  <Table>
    <Value>#Line#</Value>
    <TopPos>15</TopPos>
    <LeftPos>0</LeftPos>
    <Font>Swiss721 Cn BT</Font>
    <FontSize>300</FontSize>
  </Table>
  <Table>
    <Value>#varGrossWeight#</Value>
    <TopPos>462</TopPos>
    <LeftPos>19</LeftPos>
    <Font>Swiss721 Cn BT</Font>
    <FontSize>20</FontSize>
    <Vertical>1</Vertical>
  </Table>
  <Table>
    <Value>GrossWeight</Value>
    <TopPos>466</TopPos>
    <LeftPos>60</LeftPos>
    <Font>Swiss721 Cn BT</Font>
    <FontSize>10</FontSize>
    <Vertical>1</Vertical>
  </Table>
  <Table>
    <Value>#Line#</Value>
    <TopPos>630</TopPos>
    <LeftPos>0</LeftPos>
    <Font>Swiss721 Cn BT</Font>
    <FontSize>300</FontSize>
  </Table>
</NewDataSet>