<?xml version="1.0" standalone="yes"?>
<NewDataSet>
  <Table1>
    <X>8</X>
    <Y>15.5</Y>
    <Type>page</Type>
    <Alignment>1</Alignment>
  </Table1>
  <Table1>
    <Label>#varFlashPoint#</Label>
    <X>188</X>
    <Y>147</Y>
    <Width>196</Width>
    <Height>23</Height>
    <Type />
    <FontSize>12</FontSize>
    <FontFamily>[FontFamily: Name=Microsoft Sans Serif]</FontFamily>
    <FontTipe>0</FontTipe>
    <Alignment>Center</Alignment>
  </Table1>
  <Table1>
    <Label>#varProdDesc#</Label>
    <X>188</X>
    <Y>109</Y>
    <Width>192</Width>
    <Height>33</Height>
    <Type />
    <FontSize>12</FontSize>
    <FontFamily>[FontFamily: Name=Microsoft Sans Serif]</FontFamily>
    <FontTipe>0</FontTipe>
    <Alignment>Center</Alignment>
  </Table1>
  <Table1>
    <Label>#varExpDate#</Label>
    <X>199</X>
    <Y>61</Y>
    <Width>181</Width>
    <Height>35</Height>
    <Type />
    <FontSize>12</FontSize>
    <FontFamily>[FontFamily: Name=Microsoft Sans Serif]</FontFamily>
    <FontTipe>0</FontTipe>
    <Alignment>Center</Alignment>
  </Table1>
  <Table1>
    <Label>REPRINT : #RPX#</Label>
    <X>10</X>
    <Y>109</Y>
    <Width>114</Width>
    <Height>57</Height>
    <Type />
    <FontSize>12</FontSize>
    <FontFamily>[FontFamily: Name=Microsoft Sans Serif]</FontFamily>
    <FontTipe>0</FontTipe>
    <Alignment>Center</Alignment>
  </Table1>
  <Table1>
    <Label>#LBQTYMB#</Label>
    <X>232</X>
    <Y>221</Y>
    <Width>113</Width>
    <Height>89</Height>
    <Type />
    <FontSize>8</FontSize>
    <FontFamily>[FontFamily: Name=Microsoft Sans Serif]</FontFamily>
    <FontTipe>0</FontTipe>
    <Alignment>Right</Alignment>
  </Table1>
  <Table1>
    <Label>#EDMB#</Label>
    <X>458</X>
    <Y>219</Y>
    <Width>55</Width>
    <Height>89</Height>
    <Type />
    <FontSize>8</FontSize>
    <FontFamily>[FontFamily: Name=Microsoft Sans Serif]</FontFamily>
    <FontTipe>0</FontTipe>
    <Alignment>Center</Alignment>
  </Table1>
  <Table1>
    <Label>#MDMB#</Label>
    <X>403</X>
    <Y>219</Y>
    <Width>55</Width>
    <Height>89</Height>
    <Type />
    <FontSize>8</FontSize>
    <FontFamily>[FontFamily: Name=Microsoft Sans Serif]</FontFamily>
    <FontTipe>0</FontTipe>
    <Alignment>Center</Alignment>
  </Table1>
  <Table1>
    <Label>#QTYMB#</Label>
    <X>348</X>
    <Y>219</Y>
    <Width>55</Width>
    <Height>89</Height>
    <Type />
    <FontSize>8</FontSize>
    <FontFamily>[FontFamily: Name=Microsoft Sans Serif]</FontFamily>
    <FontTipe>0</FontTipe>
    <Alignment>Center</Alignment>
  </Table1>
  <Table1>
    <Label>#GRUP#</Label>
    <X>110</X>
    <Y>277</Y>
    <Width>93</Width>
    <Height>32</Height>
    <Type />
    <FontSize>12</FontSize>
    <FontFamily>[FontFamily: Name=Microsoft Sans Serif]</FontFamily>
    <FontTipe>0</FontTipe>
    <Alignment>Center</Alignment>
  </Table1>
  <Table1>
    <Label>#QTY#</Label>
    <X>105</X>
    <Y>221</Y>
    <Width>100</Width>
    <Height>42</Height>
    <Type />
    <FontSize>14</FontSize>
    <FontFamily>[FontFamily: Name=Microsoft Sans Serif]</FontFamily>
    <FontTipe>0</FontTipe>
    <Alignment>Left</Alignment>
  </Table1>
  <Table1>
    <Label>#LVL#</Label>
    <X>421</X>
    <Y>97</Y>
    <Width>75</Width>
    <Height>93</Height>
    <Type />
    <FontSize>48</FontSize>
    <FontFamily>[FontFamily: Name=Microsoft Sans Serif]</FontFamily>
    <FontTipe>1</FontTipe>
    <Alignment>Center</Alignment>
  </Table1>
  <Table1>
    <Label>MASTERBOX</Label>
    <X>57</X>
    <Y>180</Y>
    <Width>245</Width>
    <Height>35</Height>
    <Type />
    <FontSize>12</FontSize>
    <FontFamily>[FontFamily: Name=Microsoft Sans Serif]</FontFamily>
    <FontTipe>0</FontTipe>
    <Alignment>Center</Alignment>
  </Table1>
  <Table1>
    <Label>: #NAMA#</Label>
    <X>215</X>
    <Y>18</Y>
    <Width>269</Width>
    <Height>36</Height>
    <Type />
    <FontSize>14</FontSize>
    <FontFamily>[FontFamily: Name=Microsoft Sans Serif]</FontFamily>
    <FontTipe>1</FontTipe>
    <Alignment>Left</Alignment>
  </Table1>
  <Table1>
    <Label>#SN#</Label>
    <X>505</X>
    <Y>240</Y>
    <Width>94</Width>
    <Height>32</Height>
    <Type />
    <FontSize>6</FontSize>
    <FontFamily>[FontFamily: Name=Microsoft Sans Serif]</FontFamily>
    <FontTipe>0</FontTipe>
    <Alignment>Center</Alignment>
  </Table1>
  <Table1>
    <Label>Qty :</Label>
    <X>25</X>
    <Y>221</Y>
    <Width>69</Width>
    <Height>42</Height>
    <Type />
    <FontSize>14</FontSize>
    <FontFamily>[FontFamily: Name=Microsoft Sans Serif]</FontFamily>
    <FontTipe>0</FontTipe>
    <Alignment>Left</Alignment>
  </Table1>
  <Table1>
    <Label>Nama Produk </Label>
    <X>25</X>
    <Y>18</Y>
    <Width>177</Width>
    <Height>35</Height>
    <Type />
    <FontSize>14</FontSize>
    <FontFamily>[FontFamily: Name=Microsoft Sans Serif]</FontFamily>
    <FontTipe>0</FontTipe>
    <Alignment>Left</Alignment>
  </Table1>
  <Table1>
    <Label>Opt    :</Label>
    <X>525</X>
    <Y>18</Y>
    <Width>45</Width>
    <Height>19</Height>
    <Type />
    <FontSize>6</FontSize>
    <FontFamily>[FontFamily: Name=Microsoft Sans Serif]</FontFamily>
    <FontTipe>0</FontTipe>
    <Alignment>Left</Alignment>
  </Table1>
  <Table1>
    <Label>#USER#</Label>
    <X>525</X>
    <Y>42</Y>
    <Width>58</Width>
    <Height>20</Height>
    <Type />
    <FontSize>8</FontSize>
    <FontFamily>[FontFamily: Name=Microsoft Sans Serif]</FontFamily>
    <FontTipe>0</FontTipe>
    <Alignment>Left</Alignment>
  </Table1>
  <Table1>
    <Label>Date     :</Label>
    <X>525</X>
    <Y>68</Y>
    <Width>45</Width>
    <Height>19</Height>
    <Type />
    <FontSize>6</FontSize>
    <FontFamily>[FontFamily: Name=Microsoft Sans Serif]</FontFamily>
    <FontTipe>0</FontTipe>
    <Alignment>Left</Alignment>
  </Table1>
  <Table1>
    <Label>#WAKTU#</Label>
    <X>525</X>
    <Y>89</Y>
    <Width>75</Width>
    <Height>27</Height>
    <Type />
    <FontSize>8</FontSize>
    <FontFamily>[FontFamily: Name=Microsoft Sans Serif]</FontFamily>
    <FontTipe>0</FontTipe>
    <Alignment>Left</Alignment>
  </Table1>
  <Table1>
    <Label>#BARCODE_SN#</Label>
    <X>516</X>
    <Y>161</Y>
    <Width>74</Width>
    <Height>74</Height>
    <Type>barcodeQR</Type>
    <FontSize>8.25</FontSize>
    <FontFamily>[FontFamily: Name=Microsoft Sans Serif]</FontFamily>
    <FontTipe>0</FontTipe>
    <Alignment>Center</Alignment>
  </Table1>
</NewDataSet>